frame,time,stage
0001.svg,0.00,scan
0002.svg,0.06,scan
0003.svg,0.11,scan
0004.svg,0.17,scan
0005.svg,0.22,scan
0006.svg,0.28,scan
0007.svg,0.33,scan
0008.svg,0.39,scan
0009.svg,0.44,scan
0010.svg,0.50,scan
0011.svg,0.56,scan
0012.svg,0.61,scan
0013.svg,0.67,scan
0014.svg,0.72,scan
0015.svg,0.78,scan
0016.svg,0.83,scan
0017.svg,0.89,scan
0018.svg,0.94,scan
0019.svg,1.00,scan
0020.svg,1.06,scan
0021.svg,1.11,scan
0022.svg,1.17,scan
0023.svg,1.22,scan
0024.svg,1.28,scan
0025.svg,1.33,scan
0026.svg,1.39,scan
0027.svg,1.44,scan
0028.svg,1.50,scan
0029.svg,1.56,scan
0030.svg,1.61,scan
0031.svg,1.67,scan
0032.svg,1.72,scan
0033.svg,1.78,scan
0034.svg,1.83,scan
0035.svg,1.89,scan
0036.svg,1.94,scan
0037.svg,2.00,scan
0038.svg,2.06,scan
0039.svg,2.11,scan
0040.svg,2.17,scan
0041.svg,2.22,scan
0042.svg,2.28,scan
0043.svg,2.33,scan
0044.svg,2.39,scan
0045.svg,2.44,scan
0046.svg,2.50,scan
0047.svg,2.56,scan
0048.svg,2.61,scan
0049.svg,2.67,scan
0050.svg,2.72,scan
0051.svg,2.78,scan
0052.svg,2.83,scan
0053.svg,2.89,scan
0054.svg,2.94,scan
0055.svg,3.00,scan
0056.svg,3.06,scan
0057.svg,3.11,scan
0058.svg,3.17,scan
0059.svg,3.22,scan
0060.svg,3.28,scan
0061.svg,3.33,scan
0062.svg,3.39,scan
0063.svg,3.44,scan
0064.svg,3.50,scan
0065.svg,3.56,scan
0066.svg,3.61,scan
0067.svg,3.67,scan
0068.svg,3.72,scan
0069.svg,3.78,scan
0070.svg,3.83,scan
0071.svg,3.89,scan
0072.svg,3.94,scan
0073.svg,4.00,scan
0074.svg,4.06,scan
0075.svg,4.11,scan
0076.svg,4.17,scan
0077.svg,4.22,scan
0078.svg,4.28,scan
0079.svg,4.33,scan
0080.svg,4.39,scan
0081.svg,4.44,scan
0082.svg,4.50,scan
0083.svg,4.56,scan
0084.svg,4.61,scan
0085.svg,4.67,scan
0086.svg,4.72,scan
0087.svg,4.78,scan
0088.svg,4.83,scan
0089.svg,4.89,scan
0090.svg,4.94,scan
0091.svg,5.00,scan
0092.svg,5.06,scan
0093.svg,5.11,scan
0094.svg,5.17,scan
0095.svg,5.22,scan
0096.svg,5.28,scan
0097.svg,5.33,scan
0098.svg,5.39,scan
0099.svg,5.44,scan
0100.svg,5.50,scan
0101.svg,5.56,scan
0102.svg,5.61,scan
0103.svg,5.67,scan
0104.svg,5.72,scan
0105.svg,5.78,scan
0106.svg,5.83,scan
0107.svg,5.89,scan
0108.svg,5.94,scan
0109.svg,6.00,audit
0110.svg,6.06,audit
0111.svg,6.11,audit
0112.svg,6.17,audit
0113.svg,6.22,audit
0114.svg,6.28,audit
0115.svg,6.33,audit
0116.svg,6.39,audit
0117.svg,6.44,audit
0118.svg,6.50,audit
0119.svg,6.56,audit
0120.svg,6.61,audit
0121.svg,6.67,audit
0122.svg,6.72,audit
0123.svg,6.78,audit
0124.svg,6.83,audit
0125.svg,6.89,audit
0126.svg,6.94,audit
0127.svg,7.00,audit
0128.svg,7.06,audit
0129.svg,7.11,audit
0130.svg,7.17,audit
0131.svg,7.22,audit
0132.svg,7.28,audit
0133.svg,7.33,audit
0134.svg,7.39,audit
0135.svg,7.44,audit
0136.svg,7.50,audit
0137.svg,7.56,audit
0138.svg,7.61,audit
0139.svg,7.67,audit
0140.svg,7.72,audit
0141.svg,7.78,audit
0142.svg,7.83,audit
0143.svg,7.89,audit
0144.svg,7.94,audit
0145.svg,8.00,audit
0146.svg,8.06,audit
0147.svg,8.11,audit
0148.svg,8.17,audit
0149.svg,8.22,audit
0150.svg,8.28,audit
0151.svg,8.33,audit
0152.svg,8.39,audit
0153.svg,8.44,audit
0154.svg,8.50,audit
0155.svg,8.56,audit
0156.svg,8.61,audit
0157.svg,8.67,audit
0158.svg,8.72,audit
0159.svg,8.78,audit
0160.svg,8.83,audit
0161.svg,8.89,audit
0162.svg,8.94,audit
0163.svg,9.00,audit
0164.svg,9.06,audit
0165.svg,9.11,audit
0166.svg,9.17,audit
0167.svg,9.22,audit
0168.svg,9.28,audit
0169.svg,9.33,audit
0170.svg,9.39,audit
0171.svg,9.44,audit
0172.svg,9.50,audit
0173.svg,9.56,audit
0174.svg,9.61,audit
0175.svg,9.67,audit
0176.svg,9.72,audit
0177.svg,9.78,audit
0178.svg,9.83,audit
0179.svg,9.89,audit
0180.svg,9.94,audit
0181.svg,10.00,audit
0182.svg,10.06,audit
0183.svg,10.11,audit
0184.svg,10.17,audit
0185.svg,10.22,audit
0186.svg,10.28,audit
0187.svg,10.33,audit
0188.svg,10.39,audit
0189.svg,10.44,audit
0190.svg,10.50,audit
0191.svg,10.56,audit
0192.svg,10.61,audit
0193.svg,10.67,audit
0194.svg,10.72,audit
0195.svg,10.78,audit
0196.svg,10.83,audit
0197.svg,10.89,audit
0198.svg,10.94,audit
0199.svg,11.00,audit
0200.svg,11.06,audit
0201.svg,11.11,audit
0202.svg,11.17,audit
0203.svg,11.22,audit
0204.svg,11.28,audit
0205.svg,11.33,audit
0206.svg,11.39,audit
0207.svg,11.44,audit
0208.svg,11.50,audit
0209.svg,11.56,audit
0210.svg,11.61,audit
0211.svg,11.67,audit
0212.svg,11.72,audit
0213.svg,11.78,audit
0214.svg,11.83,audit
0215.svg,11.89,audit
0216.svg,11.94,audit
0217.svg,12.00,profile
0218.svg,12.06,profile
0219.svg,12.11,profile
0220.svg,12.17,profile
0221.svg,12.22,profile
0222.svg,12.28,profile
0223.svg,12.33,profile
0224.svg,12.39,profile
0225.svg,12.44,profile
0226.svg,12.50,profile
0227.svg,12.56,profile
0228.svg,12.61,profile
0229.svg,12.67,profile
0230.svg,12.72,profile
0231.svg,12.78,profile
0232.svg,12.83,profile
0233.svg,12.89,profile
0234.svg,12.94,profile
0235.svg,13.00,profile
0236.svg,13.06,profile
0237.svg,13.11,profile
0238.svg,13.17,profile
0239.svg,13.22,profile
0240.svg,13.28,profile
0241.svg,13.33,profile
0242.svg,13.39,profile
0243.svg,13.44,profile
0244.svg,13.50,profile
0245.svg,13.56,profile
0246.svg,13.61,profile
0247.svg,13.67,profile
0248.svg,13.72,profile
0249.svg,13.78,profile
0250.svg,13.83,profile
0251.svg,13.89,profile
0252.svg,13.94,profile
0253.svg,14.00,profile
0254.svg,14.06,profile
0255.svg,14.11,profile
0256.svg,14.17,profile
0257.svg,14.22,profile
0258.svg,14.28,profile
0259.svg,14.33,profile
0260.svg,14.39,profile
0261.svg,14.44,profile
0262.svg,14.50,profile
0263.svg,14.56,profile
0264.svg,14.61,profile
0265.svg,14.67,profile
0266.svg,14.72,profile
0267.svg,14.78,profile
0268.svg,14.83,profile
0269.svg,14.89,profile
0270.svg,14.94,profile
0271.svg,15.00,profile
0272.svg,15.06,profile
0273.svg,15.11,profile
0274.svg,15.17,profile
0275.svg,15.22,profile
0276.svg,15.28,profile
0277.svg,15.33,profile
0278.svg,15.39,profile
0279.svg,15.44,profile
0280.svg,15.50,profile
0281.svg,15.56,profile
0282.svg,15.61,profile
0283.svg,15.67,profile
0284.svg,15.72,profile
0285.svg,15.78,profile
0286.svg,15.83,profile
0287.svg,15.89,profile
0288.svg,15.94,profile
0289.svg,16.00,profile
0290.svg,16.06,profile
0291.svg,16.11,profile
0292.svg,16.17,profile
0293.svg,16.22,profile
0294.svg,16.28,profile
0295.svg,16.33,profile
0296.svg,16.39,profile
0297.svg,16.44,profile
0298.svg,16.50,profile
0299.svg,16.56,profile
0300.svg,16.61,profile
0301.svg,16.67,profile
0302.svg,16.72,profile
0303.svg,16.78,profile
0304.svg,16.83,profile
0305.svg,16.89,profile
0306.svg,16.94,profile
0307.svg,17.00,profile
0308.svg,17.06,profile
0309.svg,17.11,profile
0310.svg,17.17,profile
0311.svg,17.22,profile
0312.svg,17.28,profile
0313.svg,17.33,profile
0314.svg,17.39,profile
0315.svg,17.44,profile
0316.svg,17.50,profile
0317.svg,17.56,profile
0318.svg,17.61,profile
0319.svg,17.67,profile
0320.svg,17.72,profile
0321.svg,17.78,profile
0322.svg,17.83,profile
0323.svg,17.89,profile
0324.svg,17.94,profile
0325.svg,18.00,apply
0326.svg,18.06,apply
0327.svg,18.11,apply
0328.svg,18.17,apply
0329.svg,18.22,apply
0330.svg,18.28,apply
0331.svg,18.33,apply
0332.svg,18.39,apply
0333.svg,18.44,apply
0334.svg,18.50,apply
0335.svg,18.56,apply
0336.svg,18.61,apply
0337.svg,18.67,apply
0338.svg,18.72,apply
0339.svg,18.78,apply
0340.svg,18.83,apply
0341.svg,18.89,apply
0342.svg,18.94,apply
0343.svg,19.00,apply
0344.svg,19.06,apply
0345.svg,19.11,apply
0346.svg,19.17,apply
0347.svg,19.22,apply
0348.svg,19.28,apply
0349.svg,19.33,apply
0350.svg,19.39,apply
0351.svg,19.44,apply
0352.svg,19.50,apply
0353.svg,19.56,apply
0354.svg,19.61,apply
0355.svg,19.67,apply
0356.svg,19.72,apply
0357.svg,19.78,apply
0358.svg,19.83,apply
0359.svg,19.89,apply
0360.svg,19.94,apply
0361.svg,20.00,apply
0362.svg,20.06,apply
0363.svg,20.11,apply
0364.svg,20.17,apply
0365.svg,20.22,apply
0366.svg,20.28,apply
0367.svg,20.33,apply
0368.svg,20.39,apply
0369.svg,20.44,apply
0370.svg,20.50,apply
0371.svg,20.56,apply
0372.svg,20.61,apply
0373.svg,20.67,apply
0374.svg,20.72,apply
0375.svg,20.78,apply
0376.svg,20.83,apply
0377.svg,20.89,apply
0378.svg,20.94,apply
0379.svg,21.00,apply
0380.svg,21.06,apply
0381.svg,21.11,apply
0382.svg,21.17,apply
0383.svg,21.22,apply
0384.svg,21.28,apply
0385.svg,21.33,apply
0386.svg,21.39,apply
0387.svg,21.44,apply
0388.svg,21.50,apply
0389.svg,21.56,apply
0390.svg,21.61,apply
0391.svg,21.67,apply
0392.svg,21.72,apply
0393.svg,21.78,apply
0394.svg,21.83,apply
0395.svg,21.89,apply
0396.svg,21.94,apply
0397.svg,22.00,apply
0398.svg,22.06,apply
0399.svg,22.11,apply
0400.svg,22.17,apply
0401.svg,22.22,apply
0402.svg,22.28,apply
0403.svg,22.33,apply
0404.svg,22.39,apply
0405.svg,22.44,apply
0406.svg,22.50,apply
0407.svg,22.56,apply
0408.svg,22.61,apply
0409.svg,22.67,apply
0410.svg,22.72,apply
0411.svg,22.78,apply
0412.svg,22.83,apply
0413.svg,22.89,apply
0414.svg,22.94,apply
0415.svg,23.00,apply
0416.svg,23.06,apply
0417.svg,23.11,apply
0418.svg,23.17,apply
0419.svg,23.22,apply
0420.svg,23.28,apply
0421.svg,23.33,apply
0422.svg,23.39,apply
0423.svg,23.44,apply
0424.svg,23.50,apply
0425.svg,23.56,apply
0426.svg,23.61,apply
0427.svg,23.67,apply
0428.svg,23.72,apply
0429.svg,23.78,apply
0430.svg,23.83,apply
0431.svg,23.89,apply
0432.svg,23.94,apply
0433.svg,24.00,drift
0434.svg,24.06,drift
0435.svg,24.11,drift
0436.svg,24.17,drift
0437.svg,24.22,drift
0438.svg,24.28,drift
0439.svg,24.33,drift
0440.svg,24.39,drift
0441.svg,24.44,drift
0442.svg,24.50,drift
0443.svg,24.56,drift
0444.svg,24.61,drift
0445.svg,24.67,drift
0446.svg,24.72,drift
0447.svg,24.78,drift
0448.svg,24.83,drift
0449.svg,24.89,drift
0450.svg,24.94,drift
0451.svg,25.00,drift
0452.svg,25.06,drift
0453.svg,25.11,drift
0454.svg,25.17,drift
0455.svg,25.22,drift
0456.svg,25.28,drift
0457.svg,25.33,drift
0458.svg,25.39,drift
0459.svg,25.44,drift
0460.svg,25.50,drift
0461.svg,25.56,drift
0462.svg,25.61,drift
0463.svg,25.67,drift
0464.svg,25.72,drift
0465.svg,25.78,drift
0466.svg,25.83,drift
0467.svg,25.89,drift
0468.svg,25.94,drift
0469.svg,26.00,drift
0470.svg,26.06,drift
0471.svg,26.11,drift
0472.svg,26.17,drift
0473.svg,26.22,drift
0474.svg,26.28,drift
0475.svg,26.33,drift
0476.svg,26.39,drift
0477.svg,26.44,drift
0478.svg,26.50,drift
0479.svg,26.56,drift
0480.svg,26.61,drift
0481.svg,26.67,drift
0482.svg,26.72,drift
0483.svg,26.78,drift
0484.svg,26.83,drift
0485.svg,26.89,drift
0486.svg,26.94,drift
0487.svg,27.00,drift
0488.svg,27.06,drift
0489.svg,27.11,drift
0490.svg,27.17,drift
0491.svg,27.22,drift
0492.svg,27.28,drift
0493.svg,27.33,drift
0494.svg,27.39,drift
0495.svg,27.44,drift
0496.svg,27.50,drift
0497.svg,27.56,drift
0498.svg,27.61,drift
0499.svg,27.67,drift
0500.svg,27.72,drift
0501.svg,27.78,drift
0502.svg,27.83,drift
0503.svg,27.89,drift
0504.svg,27.94,drift
0505.svg,28.00,drift
0506.svg,28.06,drift
0507.svg,28.11,drift
0508.svg,28.17,drift
0509.svg,28.22,drift
0510.svg,28.28,drift
0511.svg,28.33,drift
0512.svg,28.39,drift
0513.svg,28.44,drift
0514.svg,28.50,drift
0515.svg,28.56,drift
0516.svg,28.61,drift
0517.svg,28.67,drift
0518.svg,28.72,drift
0519.svg,28.78,drift
0520.svg,28.83,drift
0521.svg,28.89,drift
0522.svg,28.94,drift
0523.svg,29.00,drift
0524.svg,29.06,drift
0525.svg,29.11,drift
0526.svg,29.17,drift
0527.svg,29.22,drift
0528.svg,29.28,drift
0529.svg,29.33,drift
0530.svg,29.39,drift
0531.svg,29.44,drift
0532.svg,29.50,drift
0533.svg,29.56,drift
0534.svg,29.61,drift
0535.svg,29.67,drift
0536.svg,29.72,drift
0537.svg,29.78,drift
0538.svg,29.83,drift
0539.svg,29.89,drift
0540.svg,29.94,drift
0541.svg,30.00,release
0542.svg,30.06,release
0543.svg,30.11,release
0544.svg,30.17,release
0545.svg,30.22,release
0546.svg,30.28,release
0547.svg,30.33,release
0548.svg,30.39,release
0549.svg,30.44,release
0550.svg,30.50,release
0551.svg,30.56,release
0552.svg,30.61,release
0553.svg,30.67,release
0554.svg,30.72,release
0555.svg,30.78,release
0556.svg,30.83,release
0557.svg,30.89,release
0558.svg,30.94,release
0559.svg,31.00,release
0560.svg,31.06,release
0561.svg,31.11,release
0562.svg,31.17,release
0563.svg,31.22,release
0564.svg,31.28,release
0565.svg,31.33,release
0566.svg,31.39,release
0567.svg,31.44,release
0568.svg,31.50,release
0569.svg,31.56,release
0570.svg,31.61,release
0571.svg,31.67,release
0572.svg,31.72,release
0573.svg,31.78,release
0574.svg,31.83,release
0575.svg,31.89,release
0576.svg,31.94,release
0577.svg,32.00,release
0578.svg,32.06,release
0579.svg,32.11,release
0580.svg,32.17,release
0581.svg,32.22,release
0582.svg,32.28,release
0583.svg,32.33,release
0584.svg,32.39,release
0585.svg,32.44,release
0586.svg,32.50,release
0587.svg,32.56,release
0588.svg,32.61,release
0589.svg,32.67,release
0590.svg,32.72,release
0591.svg,32.78,release
0592.svg,32.83,release
0593.svg,32.89,release
0594.svg,32.94,release
0595.svg,33.00,release
0596.svg,33.06,release
0597.svg,33.11,release
0598.svg,33.17,release
0599.svg,33.22,release
0600.svg,33.28,release
0601.svg,33.33,release
0602.svg,33.39,release
0603.svg,33.44,release
0604.svg,33.50,release
0605.svg,33.56,release
0606.svg,33.61,release
0607.svg,33.67,release
0608.svg,33.72,release
0609.svg,33.78,release
0610.svg,33.83,release
0611.svg,33.89,release
0612.svg,33.94,release
0613.svg,34.00,release
0614.svg,34.06,release
0615.svg,34.11,release
0616.svg,34.17,release
0617.svg,34.22,release
0618.svg,34.28,release
0619.svg,34.33,release
0620.svg,34.39,release
0621.svg,34.44,release
0622.svg,34.50,release
0623.svg,34.56,release
0624.svg,34.61,release
0625.svg,34.67,release
0626.svg,34.72,release
0627.svg,34.78,release
0628.svg,34.83,release
0629.svg,34.89,release
0630.svg,34.94,release
0631.svg,35.00,release
0632.svg,35.06,release
0633.svg,35.11,release
0634.svg,35.17,release
0635.svg,35.22,release
0636.svg,35.28,release
0637.svg,35.33,release
0638.svg,35.39,release
0639.svg,35.44,release
0640.svg,35.50,release
0641.svg,35.56,release
0642.svg,35.61,release
0643.svg,35.67,release
0644.svg,35.72,release
0645.svg,35.78,release
0646.svg,35.83,release
0647.svg,35.89,release
0648.svg,35.94,release
